{
  "roc_auc": {
    "mean": 0.6108545876699982,
    "ci_lower_95": 0.6040086761666345,
    "ci_upper_95": 0.6184687071278879
  },
  "log_loss": {
    "mean": 0.6697529742592059,
    "ci_lower_95": 0.6664194730149705,
    "ci_upper_95": 0.6729935502916761
  },
  "brier_score": {
    "mean": 0.23905583649001996,
    "ci_lower_95": 0.23751116188621996,
    "ci_upper_95": 0.24056575522474286
  },
  "accuracy": {
    "mean": 0.5718142,
    "ci_lower_95": 0.5655475,
    "ci_upper_95": 0.5782
  },
  "auc_improvement": {
    "mean": 0.03248262599692818,
    "ci_lower_95": 0.02583368473438733,
    "ci_upper_95": 0.04004015523686321
  },
  "brier_improvement": {
    "mean": 0.004939902139451769,
    "ci_lower_95": 0.0037094576452776336,
    "ci_upper_95": 0.006114748613314642
  },
  "log_loss_improvement": {
    "mean": 0.01107946025443422,
    "ci_lower_95": 0.008373393163140359,
    "ci_upper_95": 0.013568746834378169
  }
}