{
  "top_10_percent_win_rate": 0.7015,
  "bottom_10_percent_win_rate": 0.2905,
  "top_decile_lift": 0.41100000000000003,
  "top_20_percent_win_rate": 0.6355,
  "bottom_20_percent_win_rate": 0.35225,
  "top_quintile_lift": 0.28324999999999995,
  "timestamp": "2026-06-22T10:00:54.291120"
}