{
  "baselines": {
    "elo_expected_score_baseline": {
      "brier_score": 0.24088160861213312,
      "log_loss": 0.6725590653297092,
      "roc_auc": 0.6067229424178475
    },
    "elo_mean_baseline": {
      "black_elo_mae": 313.2094,
      "black_elo_r2": -0.0043093903675226475,
      "black_elo_rmse": 374.55181484008324,
      "white_elo_mae": 320.366875,
      "white_elo_r2": -0.0024351761686269846,
      "white_elo_rmse": 381.28306434491685
    },
    "majority_class_baseline": {
      "train_majority_class": 1,
      "train_positive_rate": 0.52,
      "validation_accuracy": 0.465,
      "validation_positive_rate": 0.465
    }
  },
  "dataset_summary": {
    "eligible_games": 1000,
    "header_eligible_games": 1043,
    "parsed_games": 2150,
    "result_distribution": {
      "0-1": 444,
      "1-0": 509,
      "1/2-1/2": 47
    },
    "train_games": 800,
    "train_positive_rate": 0.52,
    "validation_games": 200,
    "validation_positive_rate": 0.465
  },
  "models": {
    "elo_after_10_moves": {
      "black_elo_mae": 260.03852824422455,
      "black_elo_r2": 0.2757106446442079,
      "black_elo_rmse": 318.0784125815481,
      "white_elo_mae": 264.1029735319321,
      "white_elo_r2": 0.2760965086230872,
      "white_elo_rmse": 324.0109608497814
    },
    "white_win_after_10_moves": {
      "accuracy": 0.56,
      "brier_score": 0.2570150748786261,
      "log_loss": 0.7092740873118513,
      "roc_auc": 0.5592402773590595
    },
    "white_win_after_3_moves": {
      "accuracy": 0.565,
      "brier_score": 0.2342078750240324,
      "log_loss": 0.6555915081583125,
      "roc_auc": 0.6375238669480454
    },
    "white_win_before_game": {
      "accuracy": 0.545,
      "brier_score": 0.2441939839615361,
      "log_loss": 0.6793992678196507,
      "roc_auc": 0.6016480755702944
    }
  },
  "run_config": {
    "candidate_months": [
      "2023-01",
      "2023-02",
      "2023-03",
      "2023-04",
      "2023-05",
      "2023-06",
      "2023-07",
      "2023-08",
      "2023-09",
      "2023-10",
      "2023-11",
      "2023-12"
    ],
    "hashing_features": 32768,
    "output_dir": "outputs_1k",
    "random_seed": 42,
    "runtime_seconds": 11.31147025001701,
    "selected_month": "2023-01",
    "target_games": 1000,
    "time_control": "Blitz",
    "train_ratio": 0.8
  }
}