{
  "white_win_before": {
    "white_elo": 0.06702293507535217,
    "black_elo": -0.075305803456983,
    "elo_diff": 0.44953341089320614,
    "mean_elo": -0.0042121296043760095,
    "initial_time_seconds": 0.00016558955958091953,
    "increment_seconds": 0.015167961104450829,
    "log_initial_time_seconds": -0.0013340692106590473
  },
  "white_win_after_3": {
    "white_elo": 0.06793581856734902,
    "black_elo": -0.07418778292854454,
    "elo_diff": 0.4488839288675901,
    "mean_elo": -0.0031836832993064825,
    "initial_time_seconds": 0.0003812424566865942,
    "increment_seconds": 0.01402790993516074,
    "log_initial_time_seconds": -0.001123230477731377,
    "m3_bishop_move_count": 0.01582236823534665,
    "m3_black_bishops": -0.012473287103473743,
    "m3_black_can_castle_kingside": -0.04315107568268468,
    "m3_black_can_castle_queenside": -0.055817018840577874,
    "m3_black_center_attacks": -0.02839301365998168,
    "m3_black_center_occupancy": -0.010675664561286482,
    "m3_black_kings": 0.00010125965593756121,
    "m3_black_knights": 0.004015965147731009,
    "m3_black_pawns": 0.008622704601204526,
    "m3_black_queens": -0.021800280529722167,
    "m3_black_rooks": -0.026131506877797726,
    "m3_capture_count": 0.006540453540783977,
    "m3_castle_count_black": 0.0,
    "m3_castle_count_white": 0.0,
    "m3_center_attack_diff": 0.007652161355399744,
    "m3_center_occupancy_diff": 0.02312535005434875,
    "m3_check_count": -0.023029452889044063,
    "m3_fullmove_number": 0.00040503862375024485,
    "m3_is_check": 0.019842495386680616,
    "m3_king_move_count": -0.0776705323300464,
    "m3_knight_move_count": -0.012686504883553147,
    "m3_legal_moves_count": 0.011629594160089487,
    "m3_material_black": 0.0010512390452808518,
    "m3_material_diff": 0.0039859700278480365,
    "m3_material_white": 0.004431906370210731,
    "m3_pawn_move_count": 0.006959376778460335,
    "m3_queen_move_count": -0.0027458762316698035,
    "m3_rook_move_count": -0.020184040081793034,
    "m3_turn_white": 0.00010125965593756121,
    "m3_white_bishops": 0.01936362953229898,
    "m3_white_can_castle_kingside": -0.0008053861922934583,
    "m3_white_can_castle_queenside": -0.028832953228410167,
    "m3_white_center_attacks": -0.020092660153870383,
    "m3_white_center_occupancy": 0.024485019704664258,
    "m3_white_kings": 0.00010125965593756121,
    "m3_white_knights": -0.005009265861425179,
    "m3_white_pawns": -0.013822505725998916,
    "m3_white_queens": 0.013494447984792416,
    "m3_white_rooks": 0.056027705746230116
  },
  "white_win_after_10": {
    "white_elo": 0.06899538048678452,
    "black_elo": -0.07725626352819419,
    "elo_diff": 0.46192338396832483,
    "mean_elo": -0.004201487364662084,
    "initial_time_seconds": -0.0725972434623477,
    "increment_seconds": -0.009678180827973998,
    "log_initial_time_seconds": -0.021963521710114307,
    "m10_bishop_move_count": 0.022907559378173178,
    "m10_black_bishops": -0.0380202372429008,
    "m10_black_can_castle_kingside": -0.0720239182061422,
    "m10_black_can_castle_queenside": -0.006712498821233953,
    "m10_black_center_attacks": -0.021358577026854255,
    "m10_black_center_occupancy": -0.0013895382655918363,
    "m10_black_kings": 0.0005477708714908098,
    "m10_black_knights": -0.029397319466725486,
    "m10_black_pawns": 0.013570801054150289,
    "m10_black_queens": -0.026218864225701362,
    "m10_black_rooks": -0.014831363097417912,
    "m10_capture_count": 0.008362694906652077,
    "m10_castle_count_black": -0.10980018690316612,
    "m10_castle_count_white": 0.14568155378456346,
    "m10_center_attack_diff": 0.009347906420986518,
    "m10_center_occupancy_diff": 0.013718170736548092,
    "m10_check_count": 0.01762810563795998,
    "m10_fullmove_number": 0.00602547959328346,
    "m10_is_check": 0.03276171729739767,
    "m10_king_move_count": 0.0016813700955093098,
    "m10_knight_move_count": -0.00949756899811621,
    "m10_legal_moves_count": 0.09813127942284196,
    "m10_material_black": -0.04815036875051721,
    "m10_material_diff": 0.15976801069222102,
    "m10_material_white": 0.039928484619966155,
    "m10_pawn_move_count": 0.0007714803492459913,
    "m10_queen_move_count": -0.006582115298080147,
    "m10_rook_move_count": -0.0007730342993034498,
    "m10_turn_white": 0.0005477708714908098,
    "m10_white_bishops": 0.04453267965821715,
    "m10_white_can_castle_kingside": 0.08875134352502377,
    "m10_white_can_castle_queenside": 0.0030880249551083847,
    "m10_white_center_attacks": -0.008965584293299645,
    "m10_white_center_occupancy": 0.01972106101636006,
    "m10_white_kings": 0.0005477708714908098,
    "m10_white_knights": 0.004355685179140246,
    "m10_white_pawns": -0.001123606243094095,
    "m10_white_queens": 0.024328218027513667,
    "m10_white_rooks": 0.008377871731556531,
    "clk10_any_clock_available": 0.0005477708714908098,
    "clk10_avg_time_per_move_diff": -0.10204086524100911,
    "clk10_black_avg_time_per_move": 0.0657968536677776,
    "clk10_black_clock_last": 0.11911435223727304,
    "clk10_black_clock_missing_count": 0.0,
    "clk10_black_clock_used_total": 0.06579685366846613,
    "clk10_black_min_clock": -0.4193953849230394,
    "clk10_clock_diff_last": -0.23708156348975803,
    "clk10_clock_used_diff": -0.10204086524112838,
    "clk10_white_avg_time_per_move": -0.0400179805793786,
    "clk10_white_clock_last": 0.008289340236145717,
    "clk10_white_clock_missing_count": 0.0,
    "clk10_white_clock_used_total": -0.04001798057948618,
    "clk10_white_min_clock": 0.3759674068672186
  },
  "white_elo_after_10": {
    "initial_time_seconds": -20.748776681949586,
    "increment_seconds": -13.071151847196779,
    "log_initial_time_seconds": -1.4909506849472969,
    "white_prior_games": -13.03412386839462,
    "black_prior_games": -11.786303657675717,
    "white_prior_score_rate_all": -5.637330809002408,
    "black_prior_score_rate_all": -5.438458836887259,
    "white_prior_win_rate_as_white": 0.026886820328791396,
    "black_prior_win_rate_as_black": -0.07000652433688205,
    "white_prior_avg_opponent_elo": -0.9606979959166934,
    "black_prior_avg_opponent_elo": 30.890139867832804,
    "white_prior_recent_score_rate_10": 9.296213726609745,
    "black_prior_recent_score_rate_10": 7.407214461426575,
    "white_prior_recent_score_rate_30": -0.639714593393056,
    "black_prior_recent_score_rate_30": 0.9711152858265358,
    "white_prior_avg_elo_seen": 163.75642076442003,
    "black_prior_avg_elo_seen": 122.92009657240274,
    "prior_games_diff": -0.9963595317175771,
    "prior_score_rate_diff": -0.13968254753204723,
    "prior_recent_score_rate_10_diff": 1.31946270925025,
    "prior_recent_score_rate_30_diff": -1.1242265261282092,
    "prior_avg_opponent_elo_diff": -43.32656851361595,
    "prior_avg_elo_seen_diff": 54.71224557407705,
    "prior_side_win_rate_diff": 0.0675734930939542,
    "m10_bishop_move_count": 1.4384354886002164,
    "m10_black_bishops": 0.22168853061238,
    "m10_black_can_castle_kingside": 2.336562913064995,
    "m10_black_can_castle_queenside": -2.2647535030213324,
    "m10_black_center_attacks": 1.6094410231849565,
    "m10_black_center_occupancy": -0.7089138374429748,
    "m10_black_kings": 3.031864545430809e-08,
    "m10_black_knights": 1.0805872680284698,
    "m10_black_pawns": -0.8298599864812809,
    "m10_black_queens": -0.9956795134161688,
    "m10_black_rooks": 1.7162787674232771,
    "m10_capture_count": -1.9266017097869839,
    "m10_castle_count_black": 0.6357087991472818,
    "m10_castle_count_white": 4.775499469290637,
    "m10_center_attack_diff": 0.5923471893384236,
    "m10_center_occupancy_diff": -0.0043579502021234605,
    "m10_check_count": -2.5861292432144256,
    "m10_fullmove_number": 4.803921954724439e-08,
    "m10_is_check": 2.8721365498326983,
    "m10_king_move_count": 6.286467473902078,
    "m10_knight_move_count": -1.8271888616487593,
    "m10_legal_moves_count": 6.406650734441802,