elo_band,count,white_mae,black_mae,avg_mae,white_rmse,black_rmse,avg_error_p50,avg_error_p90,avg_error_p99
<1000,975,72.53870256410255,76.37303076923077,74.45586666666667,180.12575236213627,184.29329908912544,14.350000000000023,186.01800000000154,736.5956
1000-1399,4212,37.240404400126614,37.64913421968977,37.444769309908196,96.7411549193015,98.231558288483,10.007499999999993,66.23199999999991,471.3538500000023
1400-1799,7572,22.353315504490226,22.35008055995774,22.351698032223982,51.3068058842756,51.26436081425856,8.520000000000039,51.360000000000014,229.03254999999996
1800-2199,6302,22.484152649952396,22.946555061885118,22.71535385591876,71.75466982714462,73.374831393696,6.827499999999986,35.43000000000004,393.0666999999994
2200-2599,900,35.78542222222222,32.15016666666668,33.96779444444445,119.29304679373955,113.93960034012173,8.922500000000014,45.41599999999999,703.2054499999999
2600+,39,93.15461538461541,73.67692307692305,83.41576923076923,263.4082927894572,233.1677187271219,19.75499999999988,75.24200000000019,1096.8928999999994
