elo_band,count,white_mae,black_mae,avg_mae,white_rmse,black_rmse,avg_error_p50,avg_error_p90,avg_error_p99
<1000,975,70.49580803253136,74.50805841340446,72.5019332229679,171.9880271148184,176.04342957562926,17.02485578233859,163.30725412271985,746.4372286112284
1000-1399,4212,37.815688769371995,37.94436547938764,37.88002712437982,94.45034973167259,95.3763959842701,10.99318796073635,71.06073568061818,459.4343909182261
1400-1799,7572,23.626573875788857,23.442985869709,23.534779872748928,52.59910872120445,51.22472004045887,10.668572970065952,49.710055987259885,230.28197855115565
1800-2199,6302,21.619883969306564,22.090148650743128,21.855016310024848,70.30735627364697,72.32736046374175,6.158153700896435,34.455192927125864,367.3775513281835
2200-2599,900,39.846519591527404,36.36713713174403,38.10682836163572,120.27600410863896,116.27761749007013,10.57435925994514,61.54763615417867,705.350922496478
2600+,39,148.860420597888,143.65570975720695,146.25806517754748,285.55555846368014,259.0877908257755,79.11005598876363,204.29277237047074,1114.0711307982403
