{
  "baselines": {
    "elo_expected_score_baseline": {
      "brier_score": 0.26135038698675583,
      "log_loss": 0.716759510664531,
      "roc_auc": 0.48484848484848486
    },
    "elo_mean_baseline": {
      "black_elo_mae": 321.1925,
      "black_elo_r2": -0.08275753482460901,
      "black_elo_rmse": 416.1938327345205,
      "white_elo_mae": 326.305,
      "white_elo_r2": -0.06889755153033228,
      "white_elo_rmse": 412.09905438498646
    },
    "majority_class_baseline": {
      "train_majority_class": 1,
      "train_positive_rate": 0.575,
      "validation_accuracy": 0.55,
      "validation_positive_rate": 0.55
    }
  },
  "dataset_summary": {
    "eligible_games": 100,
    "header_eligible_games": 101,
    "parsed_games": 240,
    "result_distribution": {
      "0-1": 39,
      "1-0": 57,
      "1/2-1/2": 4
    },
    "train_games": 80,
    "train_positive_rate": 0.575,
    "validation_games": 20,
    "validation_positive_rate": 0.55
  },
  "models": {
    "elo_after_10_moves": {
      "black_elo_mae": 302.1211886688612,
      "black_elo_r2": 0.02567513718110226,
      "black_elo_rmse": 394.80434681686205,
      "white_elo_mae": 303.42625765219384,
      "white_elo_r2": 0.001983911905780622,
      "white_elo_rmse": 398.20100148566
    },
    "white_win_after_10_moves": {
      "accuracy": 0.45,
      "brier_score": 0.38817793283677926,
      "log_loss": 1.4207715909273135,
      "roc_auc": 0.4545454545454546
    },
    "white_win_after_3_moves": {
      "accuracy": 0.55,
      "brier_score": 0.28003951168201185,
      "log_loss": 0.7656956696512293,
      "roc_auc": 0.40404040404040403
    },
    "white_win_before_game": {
      "accuracy": 0.55,
      "brier_score": 0.2844074722651614,
      "log_loss": 0.7785907514071587,
      "roc_auc": 0.3838383838383838
    }
  },
  "run_config": {
    "candidate_months": [
      "2023-01",
      "2023-02",
      "2023-03",
      "2023-04",
      "2023-05",
      "2023-06",
      "2023-07",
      "2023-08",
      "2023-09",
      "2023-10",
      "2023-11",
      "2023-12"
    ],
    "hashing_features": 32768,
    "output_dir": "outputs",
    "random_seed": 42,
    "runtime_seconds": 3.8317329160054214,
    "selected_month": "2023-01",
    "target_games": 100,
    "time_control": "Blitz",
    "train_ratio": 0.8
  }
}